City_ID,City,Country,Lat,Lng,Max Temp,Humidity,Cloudiness,Wind Speed,Description
0,Dikson,RU,73.5069,80.5464,34.79,98,100,23.38,light rain
1,Margate,GB,51.3813,1.3862,56.03,76,0,5.01,clear sky
2,Cape Town,ZA,-33.9258,18.4232,58.08,55,20,12.66,few clouds
3,Hilo,US,19.7297,-155.09,73.62,84,90,4.61,light rain
4,Buala,SB,-8.145,159.5921,78.75,84,57,2.06,broken clouds
5,Atuona,PF,-9.8,-139.0333,77.56,74,15,17.78,few clouds
6,Thompson,CA,55.7435,-97.8558,60.96,63,75,2.3,broken clouds
7,Rikitea,PF,-23.1203,-134.9692,73.4,64,100,17.65,overcast clouds
8,Ancud,CL,-41.8697,-73.8203,51.33,66,99,11.41,overcast clouds
9,Guaruja,BR,-23.9931,-46.2564,80.17,49,0,4.0,light rain
10,Kapaa,US,22.0752,-159.319,80.58,86,90,5.01,heavy intensity rain
11,Cidreira,BR,-30.1811,-50.2056,67.95,84,100,8.37,overcast clouds
12,Saldanha,ZA,-33.0117,17.9442,55.45,70,0,24.52,clear sky
13,Vaini,TO,-21.2,-175.2,73.56,88,90,9.22,overcast clouds
14,Butaritari,KI,3.0707,172.7902,82.36,65,100,17.63,overcast clouds
15,Lebu,CL,-37.6167,-73.65,52.74,70,1,22.24,clear sky
16,Taoudenni,ML,22.6783,-3.9836,99.7,8,81,10.09,broken clouds
17,Mar Del Plata,AR,-38.0023,-57.5575,55.42,51,0,20.0,clear sky
18,Foso,GH,5.7012,-1.2866,75.25,95,100,4.43,light rain
19,Punta Arenas,CL,-53.15,-70.9167,42.91,75,75,35.68,light intensity shower rain
20,Kenai,US,60.5544,-151.2583,40.14,91,75,0.0,broken clouds
21,Ures,MX,29.4333,-110.4,93.52,22,12,1.81,few clouds
22,Njombe,TZ,-9.3333,34.7667,55.51,75,41,2.98,scattered clouds
23,Egvekinot,RU,66.3167,-179.1667,25.52,97,100,3.42,light snow
24,Port Hardy,CA,50.6996,-127.4199,51.98,71,40,6.91,light rain
25,Bredasdorp,ZA,-34.5322,20.0403,50.29,87,13,0.0,few clouds
26,Port Elizabeth,ZA,-33.918,25.5701,57.09,76,20,6.91,few clouds
27,Saint-Joseph,RE,-21.3667,55.6167,71.98,79,19,11.45,few clouds
28,Jeremie,HT,18.65,-74.1167,84.16,68,100,2.01,light rain
29,San Policarpo,PH,12.1791,125.5072,81.43,85,100,16.55,moderate rain
30,Tasiilaq,GL,65.6145,-37.6368,41.16,55,0,5.86,clear sky
31,Bolotnoye,RU,55.6717,84.3981,33.24,98,100,6.98,light snow
32,Kodiak,US,57.79,-152.4072,40.51,52,1,9.22,clear sky
33,Busselton,AU,-33.65,115.3333,42.08,67,87,3.58,overcast clouds
34,Paamiut,GL,61.994,-49.6678,39.99,72,0,8.34,clear sky
35,Berlevag,NO,70.8578,29.0864,51.8,62,0,34.52,clear sky
36,Vardo,NO,70.3705,31.1107,49.98,76,0,19.57,clear sky
37,Mataura,NZ,-46.1927,168.8643,44.47,90,100,7.27,light rain
38,Lorengau,PG,-2.0226,147.2712,79.07,82,94,3.83,overcast clouds
39,Broome,US,42.2506,-75.833,65.17,80,90,5.01,overcast clouds
40,San Andres,CO,12.5847,-81.7006,87.82,70,40,9.22,scattered clouds
41,Ulety,RU,51.3572,112.4849,35.46,79,100,6.73,overcast clouds
42,Te Anau,NZ,-45.4167,167.7167,45.18,98,100,3.4,overcast clouds
43,Kholtoson,RU,50.2981,103.3097,26.6,97,85,0.6,overcast clouds
44,Kangavar,IR,34.5043,47.9653,66.33,23,0,2.15,clear sky
45,Kaitangata,NZ,-46.2817,169.8464,49.93,82,100,13.33,overcast clouds
46,Olari,RO,46.3833,21.55,63.01,43,100,5.95,overcast clouds
47,Ketchikan,US,55.3422,-131.6461,45.07,76,40,9.22,light rain
48,Usinsk,RU,65.9939,57.5281,31.17,76,23,8.9,few clouds
49,Norman Wells,CA,65.282,-126.8329,35.64,93,90,19.57,mist
50,Khasan,RU,42.4308,130.6434,61.84,88,100,6.2,overcast clouds
51,Batavia,US,41.85,-88.3126,78.6,72,75,1.01,light rain
52,Tautira,PF,-17.7333,-149.15,80.62,77,10,9.53,light rain
53,Anahuac,MX,27.2333,-100.15,87.3,43,86,6.71,overcast clouds
54,Shelburne,CA,44.0787,-80.2041,66.69,94,100,1.74,overcast clouds
55,Arraial Do Cabo,BR,-22.9661,-42.0278,85.96,69,20,23.02,few clouds
56,Souillac,MU,-20.5167,57.5167,72.36,88,75,13.8,broken clouds
57,Hithadhoo,MV,-0.6,73.0833,83.23,75,86,16.98,overcast clouds
58,Cayenne,GF,4.9333,-52.3333,89.64,74,75,4.0,broken clouds
59,Castro,BR,-24.7911,-50.0119,64.85,95,100,5.68,light rain
60,Portland,US,45.5234,-122.6762,68.11,67,75,1.01,broken clouds
61,Victoria,HK,22.2855,114.1577,85.32,78,86,3.0,light rain
62,Udachnyy,RU,66.4167,112.4,28.02,73,100,4.7,overcast clouds
63,Lyudinovo,RU,53.8664,34.4478,44.89,83,100,4.65,light rain
64,Puerto Ayora,EC,-0.7393,-90.3518,76.96,76,30,11.86,scattered clouds
65,Launceston,AU,-41.45,147.1667,53.62,91,40,1.01,light rain
66,Naryan-Mar,RU,67.6713,53.087,36.03,94,67,10.18,broken clouds
67,Firminy,FR,45.3873,4.2907,53.62,94,75,5.75,broken clouds
68,Monrovia,LR,6.3005,-10.7969,83.97,85,88,4.18,overcast clouds
69,Albany,US,42.6001,-73.9662,68.14,86,100,0.25,overcast clouds
70,Bethel,US,41.3712,-73.414,77.49,63,40,5.75,scattered clouds
71,Georgetown,MY,5.4112,100.3354,81.9,87,20,5.01,few clouds
72,New Norfolk,AU,-42.7826,147.0587,53.74,84,49,1.28,scattered clouds
73,Petatlan,MX,17.5167,-101.2667,89.4,58,100,5.59,overcast clouds
74,Provideniya,RU,64.3833,-173.3,26.19,80,53,2.57,broken clouds
75,Ushuaia,AR,-54.8,-68.3,47.86,61,75,11.5,moderate rain
76,Clyde River,CA,70.4692,-68.5914,39.43,87,90,2.3,overcast clouds
77,Luderitz,NA,-26.6481,15.1594,60.31,50,78,25.55,broken clouds
78,Safaga,EG,26.7292,33.9365,82.35,47,0,14.45,clear sky
79,Mahebourg,MU,-20.4081,57.7,72.25,88,75,13.8,broken clouds
80,Yellowknife,CA,62.456,-114.3525,51.42,50,20,11.5,few clouds
81,Iskateley,RU,67.6803,53.1512,35.85,94,66,10.22,broken clouds
82,Ballina,AU,-28.8667,153.5667,58.78,94,32,0.0,scattered clouds
83,Port Alfred,ZA,-33.5906,26.891,57.11,71,40,8.46,light rain
84,Porto Torres,IT,40.835,8.3972,68.18,71,74,4.88,broken clouds
85,Barrow,US,71.2906,-156.7887,30.22,80,90,8.05,overcast clouds
86,Longyearbyen,SJ,78.2186,15.6401,37.24,93,75,4.61,broken clouds
87,Nemuro,JP,43.3236,145.575,61.18,86,83,31.29,broken clouds
88,Celestun,MX,20.8667,-90.4,88.34,57,60,7.49,broken clouds
89,Tutoia,BR,-2.7619,-42.2744,89.58,70,48,16.31,scattered clouds
90,Esperance,AU,-33.8667,121.9,42.64,70,72,9.42,broken clouds
91,Havre-Saint-Pierre,CA,50.2334,-63.5986,55.76,58,90,3.44,overcast clouds
92,Benguela,AO,-12.5763,13.4055,72.0,80,90,4.18,overcast clouds
93,Upernavik,GL,72.7868,-56.1549,30.74,92,100,4.88,light snow
94,Kaeo,NZ,-35.1,173.7833,62.33,97,100,11.86,light rain
95,Padang,ID,-0.9492,100.3543,77.43,87,94,2.71,overcast clouds
96,Port Blair,IN,11.6667,92.75,79.77,84,100,7.38,overcast clouds
97,Batsfjord,NO,70.6345,29.7185,51.73,79,100,30.2,overcast clouds
98,Ostrovnoy,RU,68.0531,39.5131,44.51,87,21,20.83,few clouds
99,Sitka,US,57.0531,-135.33,42.69,81,75,5.75,moderate rain
100,Bengkulu,ID,-3.8004,102.2655,75.13,91,100,3.65,overcast clouds
101,Ribeira Grande,PT,38.5167,-28.7,75.6,78,20,11.5,few clouds
102,Palana,RU,59.1167,159.9667,38.46,93,100,29.19,light rain
103,Eureka,US,40.8021,-124.1637,61.99,65,25,5.68,scattered clouds
104,Hobart,AU,-42.8794,147.3294,54.1,96,90,0.0,overcast clouds
105,Connersville,US,39.6412,-85.1411,73.51,82,100,12.91,overcast clouds
106,Sao Filipe,CV,14.8961,-24.4956,80.38,76,100,7.02,overcast clouds
107,Buston,TJ,40.2342,69.6948,51.98,46,20,11.18,few clouds
108,Yulara,AU,-25.2406,130.9889,55.24,38,0,6.91,clear sky
109,Lulea,SE,65.5842,22.1547,51.87,76,90,25.32,light rain
110,Bluff,NZ,-46.6,168.3333,44.8,84,100,23.2,light rain
111,Saraland,US,30.8207,-88.0706,82.65,85,100,6.64,light rain
112,Pevek,RU,69.7008,170.3133,23.65,91,99,8.37,overcast clouds
113,Enid,US,36.3956,-97.8784,79.14,40,1,7.0,clear sky
114,Abalak,RU,58.1286,68.5944,31.62,83,100,9.66,overcast clouds
115,Jamestown,US,42.097,-79.2353,71.19,85,90,8.99,overcast clouds
116,Airai,TL,-8.9266,125.4092,59.22,71,12,1.16,few clouds
117,Isangel,VU,-19.55,169.2667,75.31,88,5,3.44,clear sky
118,Raudeberg,NO,61.9875,5.1352,58.78,54,91,10.0,overcast clouds
119,Torbay,CA,47.6666,-52.7314,61.29,80,75,2.3,broken clouds
120,Ewa Beach,US,21.3156,-158.0072,80.69,80,40,5.75,light intensity drizzle
121,Turukhansk,RU,65.8167,87.9833,30.13,98,99,4.12,overcast clouds
122,Montepuez,MZ,-13.1256,38.9997,72.81,56,21,10.83,few clouds
123,Bumba,CD,2.1833,22.4667,77.02,69,88,3.02,overcast clouds
124,Saint-Philippe,RE,-21.3585,55.7679,72.99,82,44,14.58,light rain
125,Khatanga,RU,71.9667,102.5,17.55,94,98,10.83,overcast clouds
126,Carnarvon,AU,-24.8667,113.6333,62.67,77,0,16.11,clear sky
127,Gornopravdinsk,RU,60.05,69.9,31.06,88,100,7.85,overcast clouds
128,Tiksi,RU,71.6872,128.8694,24.51,90,96,10.25,overcast clouds
129,Richards Bay,ZA,-28.783,32.0377,60.75,85,100,6.08,light rain
130,Constitucion,CL,-35.3333,-72.4167,59.11,53,0,19.62,clear sky
131,Saint-Jean-Port-Joli,CA,47.2171,-70.2658,62.91,74,10,18.3,clear sky
132,Coquimbo,CL,-29.9533,-71.3436,62.33,59,0,13.8,clear sky
133,Kargopol,RU,61.5071,38.9456,39.65,88,16,4.63,few clouds
134,Olafsvik,IS,64.8945,-23.7142,41.25,90,100,35.03,overcast clouds
135,Bambous Virieux,MU,-20.3428,57.7575,72.21,88,75,13.8,broken clouds
136,Sinnamary,GF,5.3833,-52.95,85.86,64,35,11.39,scattered clouds
137,Cehegin,ES,38.0924,-1.7985,74.71,63,100,15.28,overcast clouds
138,Ornskoldsvik,SE,63.2909,18.7153,51.62,100,90,19.57,light rain
139,Puri,IN,19.8,85.85,82.92,76,8,11.63,clear sky
140,Victor Harbor,AU,-35.5667,138.6167,57.29,85,9,21.59,light rain
141,Luoyang,CN,34.6836,112.4536,70.63,96,100,11.5,light rain
142,Sal Rei,CV,16.1833,-22.9167,86.2,70,20,11.5,few clouds
143,Hermanus,ZA,-34.4187,19.2345,54.9,71,37,7.11,scattered clouds
144,Bereda,ES,43.2686,-7.5406,56.95,90,11,2.37,few clouds
145,Chuy,UY,-33.6971,-53.4616,61.56,55,26,12.21,scattered clouds
146,Ugoofaaru,MV,5.6667,73.0,82.18,77,10,17.18,clear sky
147,Sydney,AU,-33.8679,151.2073,64.36,74,0,0.0,clear sky
148,Grindavik,IS,63.8424,-22.4338,48.15,81,0,24.16,clear sky
149,Farso,DK,56.7728,9.3393,53.8,93,100,10.6,overcast clouds
150,Khao Yoi,TH,13.2403,99.8243,77.92,85,97,1.5,heavy intensity rain
151,Burgeo,CA,47.6167,-57.6152,56.32,71,36,11.7,scattered clouds
152,Russell,US,32.3502,-85.1999,81.68,69,75,3.44,broken clouds
153,Upata,VE,8.0086,-62.3989,84.2,71,96,5.66,overcast clouds
154,Huautla,MX,21.0333,-98.2833,80.1,69,54,6.71,broken clouds
155,Pasighat,IN,28.0667,95.3333,73.53,97,100,2.73,overcast clouds
156,Saint George,US,37.1041,-113.5841,86.47,21,1,3.0,clear sky
157,Kaspiyskiy,RU,45.3929,47.3707,57.38,57,100,22.12,overcast clouds
158,Torbat-E Jam,IR,35.244,60.6225,52.97,31,0,11.81,clear sky
159,Kidal,ML,18.4411,1.4078,90.63,11,38,10.8,scattered clouds
160,Saint-Pierre,RE,-21.3393,55.4781,73.08,70,40,2.3,scattered clouds
161,Douala,CM,4.0483,9.7043,80.51,89,75,3.44,thunderstorm
162,Beringovskiy,RU,63.05,179.3167,38.55,99,100,4.23,overcast clouds
163,Los Llanos De Aridane,ES,28.6585,-17.9182,71.35,73,40,12.66,scattered clouds
164,Tual,ID,-5.6667,132.75,80.73,66,100,6.64,overcast clouds
165,Seoul,KR,37.5683,126.9778,71.04,77,75,8.05,broken clouds
166,East London,ZA,-33.0153,27.9116,56.34,82,20,0.0,light rain
167,Paoua,CF,7.2427,16.4406,70.61,93,100,2.53,light rain
168,Ayni,TJ,39.3941,68.5377,53.82,68,7,4.65,clear sky
169,Maldonado,UY,-34.6667,-54.9167,58.39,57,8,14.74,clear sky
170,Hlotse,LS,-28.8718,28.045,52.54,35,0,4.0,clear sky
171,Lompoc,US,34.6391,-120.4579,97.11,45,1,4.61,clear sky
172,Waipawa,NZ,-41.4122,175.5153,51.46,92,100,3.65,light rain
173,Alyangula,AU,-13.8483,136.4192,80.47,78,90,5.75,overcast clouds
174,Sidney,AU,-33.8679,151.2073,64.36,74,0,0.0,clear sky
175,Lamphun,TH,18.25,98.9167,75.51,97,94,1.68,overcast clouds
176,Tahe,CN,52.3333,124.7333,29.34,82,1,3.15,clear sky
177,Saskylakh,RU,71.9167,114.0833,16.77,93,98,10.45,overcast clouds
178,Mwene-Ditu,CD,-7.0,23.45,69.62,86,100,2.91,overcast clouds
179,Marsh Harbour,BS,26.5412,-77.0636,80.92,64,0,10.87,clear sky
180,Hamilton,US,39.1834,-84.5333,72.25,94,90,9.22,light rain
181,Roebourne,AU,-20.7833,117.1333,69.3,65,0,8.43,clear sky
182,San Patricio,US,28.017,-97.5169,90.01,54,82,8.05,broken clouds
183,La Rioja,ES,42.25,-2.5,49.48,84,92,4.29,overcast clouds
184,Iqaluit,CA,63.7506,-68.5145,44.33,61,75,5.01,broken clouds
185,Mount Gambier,AU,-37.8333,140.7667,49.91,93,75,11.5,light rain
186,Westport,US,41.1415,-73.3579,79.29,62,1,1.01,clear sky
187,Amapa,BR,1.0,-52.0,95.09,33,100,4.47,overcast clouds
188,Palmer,US,42.1584,-72.3287,74.68,69,90,4.61,overcast clouds
189,Qaanaaq,GL,77.484,-69.3632,31.69,98,100,7.43,light snow
190,Muswellbrook,AU,-32.2667,150.9,52.32,76,3,3.36,clear sky
191,Bom Jesus,BR,-9.0744,-44.3586,99.16,18,56,7.54,broken clouds
192,Poum,NC,-20.2333,164.0167,74.19,87,0,14.94,clear sky
193,Mahibadhoo,MV,3.7833,72.9667,83.48,76,9,16.98,clear sky
194,Okhotsk,RU,59.3833,143.3,32.11,72,0,21.74,clear sky
195,Laguna,US,38.421,-121.4238,86.23,31,1,4.61,clear sky
196,Jiuquan,CN,39.7432,98.5174,45.99,43,100,7.4,overcast clouds
197,Meulaboh,ID,4.1363,96.1285,75.38,86,22,3.85,few clouds
198,Flinders,AU,-34.5833,150.8552,62.19,79,96,1.01,overcast clouds
199,Mosquera,CO,4.7059,-74.2302,71.69,37,40,6.91,scattered clouds
200,Kununurra,AU,-15.7667,128.7333,71.58,78,68,2.3,broken clouds
201,Balakhta,RU,55.38,91.6,31.24,68,48,2.17,scattered clouds
202,Barnstaple,GB,51.0802,-4.0581,57.87,79,21,15.03,few clouds
203,Jalu,LY,29.0331,21.5482,75.96,40,0,7.78,clear sky
204,Zhigansk,RU,66.7697,123.3711,25.56,85,93,6.2,overcast clouds
205,Belyy Yar,RU,53.6039,91.3903,26.49,86,34,2.24,mist
206,Ilovlya,RU,49.3033,43.9796,47.5,72,6,7.78,clear sky
207,Cozumel,MX,20.5083,-86.9458,88.0,71,75,4.0,broken clouds
208,Porto Novo,BJ,6.4965,2.6036,82.22,85,9,5.82,clear sky
209,Calamar,CO,10.2511,-74.9146,89.55,72,100,6.55,overcast clouds
210,Avarua,CK,-21.2078,-159.775,75.25,73,75,8.05,broken clouds
211,Piney Green,US,34.716,-77.3202,83.26,57,75,8.05,broken clouds
212,Rock Springs,US,41.5875,-109.2029,69.24,24,1,1.99,clear sky
213,Tuktoyaktuk,CA,69.4541,-133.0374,33.8,100,90,17.27,light intensity drizzle
214,Labuhan,ID,-6.8844,112.2051,78.17,76,100,11.77,overcast clouds
215,Campos Gerais,BR,-21.235,-45.7586,71.71,80,100,1.48,overcast clouds
216,Buraydah,SA,26.326,43.975,90.05,12,2,9.62,clear sky
217,Abhar,IR,36.1468,49.218,57.9,67,1,3.31,clear sky
218,Chokurdakh,RU,70.6333,147.9167,19.99,96,96,8.68,overcast clouds
219,Sens,FR,48.1667,3.3333,54.99,81,100,4.88,overcast clouds
220,Mitsamiouli,KM,-11.3847,43.2844,79.09,69,20,18.41,few clouds
221,Muyezerskiy,RU,63.9333,31.65,44.47,86,9,10.54,clear sky
222,Vila Franca Do Campo,PT,37.7167,-25.4333,75.2,83,99,4.23,overcast clouds
223,Itarema,BR,-2.9248,-39.9167,83.8,67,0,20.36,clear sky
224,Aranos,NA,-24.1333,19.1167,60.6,19,0,11.7,clear sky
225,Nanakuli,US,21.3906,-158.1547,80.71,80,40,5.75,light intensity drizzle
226,Borovskoy,KZ,53.8,64.15,32.22,87,60,9.37,broken clouds
227,Leningradskiy,RU,69.3833,178.4167,17.1,84,96,4.63,overcast clouds
228,Anito,PH,12.4497,125.2886,79.11,91,100,11.16,moderate rain
229,Pacific Grove,US,36.6177,-121.9166,93.16,49,1,3.0,clear sky
230,San Ramon,US,37.7799,-121.978,86.11,37,1,1.99,clear sky
231,Nikolskoye,RU,59.7035,30.7861,50.4,85,0,6.71,clear sky
232,French Harbor,HN,16.35,-86.4333,84.2,94,40,8.05,scattered clouds
233,Rio Cuarto,AR,-33.1307,-64.3499,64.17,22,0,18.41,clear sky
234,Bermejo,AR,-32.8833,-68.8,60.71,29,0,8.05,clear sky
235,Lavrentiya,RU,65.5833,-171.0,23.27,71,16,3.83,few clouds
236,Adrar,MR,20.5022,-10.0711,96.66,10,18,3.87,few clouds
237,Kenitra,MA,34.261,-6.5802,72.36,81,56,8.16,broken clouds
238,Karema,TZ,-6.8205,30.4389,78.1,73,95,4.54,overcast clouds
239,Araguacu,BR,-12.9306,-49.8264,94.86,32,100,6.82,overcast clouds
240,Talnakh,RU,69.4865,88.3972,17.92,96,99,1.34,overcast clouds
241,Lagoa,PT,39.05,-27.9833,70.77,92,41,12.26,scattered clouds
242,Drochtersen,DE,53.7102,9.3846,68.25,95,100,10.98,light rain
243,Biak,ID,-0.9131,122.8766,75.61,80,93,7.81,overcast clouds
244,Brae,GB,60.3964,-1.353,49.91,87,100,34.07,overcast clouds
245,Naze,JP,28.3667,129.4833,77.34,63,0,20.11,clear sky
246,Dubbo,AU,-32.25,148.6167,48.33,87,0,0.0,clear sky
247,Surt,LY,31.2089,16.5887,77.45,66,0,15.21,clear sky
248,Parrita,CR,9.5201,-84.3225,88.52,73,100,5.73,overcast clouds
249,Ilulissat,GL,69.2167,-51.1,30.22,64,100,5.75,overcast clouds
250,Senftenberg,DE,51.5167,14.0167,64.11,72,100,9.37,overcast clouds
251,Catamarca,AR,-28.4696,-65.7852,67.59,35,15,6.11,few clouds
252,Petropavlovsk-Kamchatskiy,RU,53.0452,158.6483,48.79,71,40,11.18,scattered clouds
253,Marawi,PH,7.9986,124.2928,66.65,98,100,2.98,overcast clouds
254,Hay River,CA,60.8156,-115.7999,49.98,43,40,10.36,scattered clouds
255,Walvis Bay,NA,-22.9575,14.5053,56.35,76,0,4.61,clear sky
256,Tuatapere,NZ,-46.1333,167.6833,44.82,94,100,3.27,light rain
257,Ust-Omchug,RU,61.15,149.6333,19.08,96,100,8.43,overcast clouds
258,Waingapu,ID,-9.6567,120.2641,75.29,81,75,5.91,broken clouds
259,Verkhnyaya Inta,RU,65.9811,60.3094,30.92,85,66,6.33,broken clouds
260,Pietarsaari,FI,63.65,22.6833,55.53,67,100,3.0,overcast clouds
261,Yei,SS,4.095,30.6779,67.26,94,89,2.71,overcast clouds
262,The Valley,AI,18.217,-63.0578,89.46,62,40,16.11,scattered clouds
263,General Roca,AR,-39.0333,-67.5833,63.0,17,0,16.11,clear sky
264,Savannah Bight,HN,16.45,-85.85,91.45,73,19,6.85,few clouds
265,Gubkinskiy,RU,64.434,76.5026,26.65,86,25,7.23,scattered clouds
266,Magdug,PH,6.5476,126.0951,79.25,81,100,3.69,light rain
267,Haines Junction,CA,60.7522,-137.5108,33.75,100,100,3.44,light rain
268,Bograd,RU,54.2344,90.8328,24.55,67,71,4.41,broken clouds
269,Anori,BR,-3.7728,-61.6442,94.55,42,96,3.76,overcast clouds
270,Rocha,UY,-34.4833,-54.3333,56.7,54,16,14.76,few clouds
271,Nanortalik,GL,60.1432,-45.2371,40.82,72,0,5.23,clear sky
272,Borovsk,RU,55.2064,36.4861,39.7,74,100,4.45,light rain
273,Tafresh,IR,34.692,50.013,58.95,44,0,7.58,clear sky
274,Zanesville,US,39.9404,-82.0132,72.46,89,90,1.99,overcast clouds
275,Daru,PG,-9.0763,143.2092,76.41,89,28,3.8,scattered clouds
276,Qarchi Gak,AF,37.04,66.7889,57.29,18,0,12.17,clear sky
277,Orapa,BW,-21.2833,25.3667,74.43,14,0,9.44,clear sky
278,Miyako,JP,39.6367,141.9525,60.73,84,4,7.65,clear sky
279,Fortuna,US,40.5982,-124.1573,61.72,82,1,9.22,clear sky
280,Masuguru,TZ,-11.3667,38.4167,79.95,45,23,9.82,few clouds
281,Grand Forks,US,47.9417,-97.4337,69.78,45,1,0.0,clear sky
282,Saint-Francois,FR,46.4154,3.9054,55.47,96,90,1.14,light rain
283,Narsaq,GL,60.9167,-46.05,44.82,58,0,5.68,clear sky
284,Kamenka,RU,51.3223,42.7678,44.64,69,0,6.96,clear sky
285,Somerset West,ZA,-34.084,18.8211,58.03,70,12,5.99,few clouds
286,Pokhara,NP,28.2333,83.9833,68.0,95,32,1.43,scattered clouds
287,Boden,SE,65.8252,21.6886,51.8,78,100,14.43,light rain
288,Faanui,PF,-16.4833,-151.75,78.69,70,17,12.01,few clouds
289,Ust-Maya,RU,60.4167,134.5333,29.79,90,100,5.46,overcast clouds
290,Sorong,ID,-0.8833,131.25,77.14,88,100,9.86,overcast clouds
291,Kutum,SD,14.2,24.6667,82.42,24,78,4.05,broken clouds
292,Qujing,CN,25.4833,103.7833,57.97,97,9,4.43,clear sky
293,Kendari,ID,-3.945,122.4989,73.6,95,100,3.4,overcast clouds
294,Riyadh,SA,24.6877,46.7219,87.94,13,9,8.08,clear sky
295,Dauphin,CA,51.1494,-100.0502,71.74,30,1,12.66,haze
296,Vostok,RU,46.4856,135.8833,45.1,97,100,3.53,overcast clouds
297,Bridgton,US,44.0548,-70.7128,57.81,93,100,2.35,overcast clouds
298,Tanabe,JP,33.7333,135.3667,68.43,89,7,6.87,clear sky
299,Klaksvik,FO,62.2266,-6.589,47.32,94,100,38.59,overcast clouds
300,Hovd,MN,48.0056,91.6419,32.63,36,1,3.56,clear sky
301,Cherskiy,RU,68.75,161.3,17.42,97,96,3.53,overcast clouds
302,Amuntai,ID,-2.4177,115.2494,74.34,98,100,1.34,overcast clouds
303,Sretensk,RU,52.2453,117.7093,31.77,78,6,1.34,clear sky
304,Mehamn,NO,71.0357,27.8492,51.75,62,20,25.32,few clouds
305,Mlimba,TZ,-8.8,35.8167,79.21,42,31,5.03,scattered clouds
306,Dubreka,GN,9.7911,-13.5233,84.27,88,96,3.02,overcast clouds
307,Berbera,SO,10.4396,45.0143,90.41,53,100,1.28,overcast clouds
308,Moerai,PF,-22.4333,-151.3333,74.16,78,39,15.05,light rain
309,Mata,PT,40.683,-7.4592,55.92,68,0,7.34,clear sky
310,Kysyl-Syr,RU,63.8986,122.7617,27.12,75,100,2.71,overcast clouds
311,Hofn,IS,64.2539,-15.2082,47.35,80,100,18.34,overcast clouds
312,Caravelas,BR,-17.7125,-39.2481,80.08,72,5,14.32,clear sky
313,Itaituba,BR,-4.2761,-55.9836,91.56,62,40,2.84,scattered clouds
314,San Anselmo,US,37.9747,-122.5616,88.11,52,1,0.0,clear sky
315,Batouri,CM,4.4333,14.3667,69.39,95,64,1.52,broken clouds
316,Nantucket,US,41.2835,-70.0995,73.74,76,40,14.97,scattered clouds
317,San Carlos De Bariloche,AR,-41.1456,-71.3082,51.55,37,20,24.16,few clouds
318,Ukiah,US,39.1502,-123.2078,90.66,19,8,3.4,clear sky
319,Puno,PE,-15.8333,-70.0333,65.77,26,2,9.1,clear sky
320,Yanam,IN,16.7333,82.2167,77.09,87,5,2.33,clear sky
321,Hambantota,LK,6.1241,81.1185,79.14,100,0,4.61,clear sky
322,Nador,MA,35.174,-2.9287,73.47,68,0,12.66,clear sky
323,Henties Bay,NA,-22.116,14.2845,54.86,89,0,4.07,clear sky
324,West Plains,US,36.7281,-91.8524,73.22,77,100,1.01,overcast clouds
325,Paris,FR,48.8534,2.3488,57.97,84,0,1.99,clear sky
326,Severo-Kurilsk,RU,50.6789,156.125,47.25,80,71,40.22,broken clouds
327,Cap Malheureux,MU,-19.9842,57.6142,72.46,74,3,11.99,light rain
328,Mukhen,RU,48.1,136.1,41.76,96,100,4.18,overcast clouds
329,Teya,RU,60.3778,92.6267,33.21,98,100,2.68,light snow
330,Mpanda,TZ,-6.3655,31.0409,75.94,55,66,3.38,broken clouds
331,Atambua,ID,-9.1061,124.8925,71.78,77,6,2.13,clear sky
332,Urdoma,RU,61.7533,48.5442,40.69,88,100,3.4,overcast clouds
333,Ciudad Bolivar,VE,8.1222,-63.5497,86.52,58,100,8.77,overcast clouds
334,Shache,CN,38.4167,77.2406,59.18,27,100,13.58,overcast clouds
335,Nola,IT,40.922,14.5329,72.43,68,0,1.52,clear sky
336,Sire,NG,12.9299,5.2043,88.11,36,43,5.7,scattered clouds
337,Sarapul,RU,56.4763,53.7978,35.42,58,97,6.13,overcast clouds
338,Merauke,ID,-8.4667,140.3333,76.42,82,93,3.6,overcast clouds
339,Buluang,PH,13.3068,123.3425,76.84,93,100,3.31,heavy intensity rain
340,Poya,NC,-21.35,165.15,71.33,94,4,5.32,clear sky
341,Portsmouth,GB,50.799,-1.0913,57.0,86,7,5.01,clear sky
342,Isla Mujeres,MX,21.2311,-86.731,86.16,70,48,10.4,scattered clouds
343,Nome,US,64.5011,-165.4064,21.27,86,1,0.0,clear sky
344,Vikhorevka,RU,56.1201,101.1636,35.19,96,57,2.98,broken clouds
345,Zabol,AF,32.25,67.25,59.02,27,0,12.91,clear sky
346,Ambon,ID,-3.6954,128.1814,77.14,88,40,9.22,scattered clouds
347,Alofi,NU,-19.0595,-169.9187,75.09,88,59,13.8,light rain
348,Kajiado,KE,-1.8524,36.7768,66.96,64,100,12.35,overcast clouds
349,Faya,SA,18.3851,42.4509,66.72,42,100,0.87,overcast clouds
350,Gizo,SB,-8.103,156.8419,81.63,78,12,7.18,few clouds
351,Axim,GH,4.8699,-2.2405,77.86,88,99,6.93,overcast clouds
352,Shenjiamen,CN,29.9576,122.298,77.07,88,1,16.33,clear sky
353,Batticaloa,LK,7.7102,81.6924,80.04,82,100,4.27,overcast clouds
354,Porto Belo,BR,-27.1578,-48.5531,78.89,95,100,10.07,light rain
355,Kamaishi,JP,39.2667,141.8833,63.12,90,3,10.8,clear sky
356,Kindu,CD,-2.95,25.95,68.68,99,100,1.59,overcast clouds
357,Husavik,IS,66.0449,-17.3389,44.51,99,100,17.38,overcast clouds
358,Bowen,AU,-20.0167,148.2333,71.82,93,16,6.04,few clouds
359,Itoman,JP,26.1247,127.6694,80.98,65,20,13.8,few clouds
360,Acapulco,MX,16.8634,-99.8901,89.42,62,1,5.75,clear sky
361,Statesboro,US,32.4488,-81.7832,87.94,54,40,0.0,scattered clouds
362,Burnie,AU,-41.0667,145.9167,53.92,97,100,3.65,light rain
363,Bonthe,SL,7.5264,-12.505,78.08,85,100,5.59,light rain
364,Cabinda,AO,-5.55,12.2,78.94,78,40,9.22,scattered clouds
365,Maryville,US,35.7565,-83.9705,71.85,96,90,12.66,heavy intensity rain
366,Santa Fe,AR,-31.6333,-60.7,67.75,27,100,3.0,overcast clouds
367,Lasa,IT,46.6166,10.7002,58.08,97,89,5.59,overcast clouds
368,Havre,FR,49.5833,0.3333,56.97,72,0,18.41,clear sky
369,Cairns,AU,-16.9167,145.7667,74.07,93,9,0.0,clear sky
370,Port Lincoln,AU,-34.7333,135.8667,52.25,67,76,25.84,broken clouds
371,Denia,ES,38.8408,0.1057,78.33,68,42,4.0,scattered clouds
372,Comodoro Rivadavia,AR,-45.8667,-67.5,64.26,27,40,23.02,scattered clouds
373,Katobu,ID,-4.9408,122.5276,73.56,93,13,2.48,few clouds
374,Dharapuram,IN,10.7333,77.5167,78.64,86,100,10.74,overcast clouds
375,Rongcheng,CN,30.634,117.8517,74.55,80,0,4.14,clear sky
376,Pontes E Lacerda,BR,-15.2261,-59.3353,90.82,41,100,6.82,overcast clouds
377,Najran,SA,17.4924,44.1277,84.85,30,84,3.18,broken clouds
378,Geraldton,AU,-28.7667,114.6,46.81,93,0,0.0,clear sky
379,Enshi,CN,30.3,109.4833,71.17,86,0,0.29,clear sky
380,Dabakala,CI,8.3667,-4.4333,80.67,75,85,4.32,overcast clouds
381,Acajutla,SV,13.5928,-89.8275,95.34,69,33,5.55,scattered clouds
382,Altay,CN,47.8667,88.1167,33.06,44,100,4.88,overcast clouds
383,Namatanai,PG,-3.6667,152.4333,79.12,79,100,4.59,overcast clouds
384,Guilin,CN,25.2819,110.2864,75.31,75,8,0.76,clear sky
385,Ternate,ID,0.8,127.4,80.55,79,100,5.19,overcast clouds
386,Pozo Colorado,PY,-23.4923,-58.7972,75.49,82,100,12.06,overcast clouds
387,Kargasok,RU,59.0556,80.8572,32.65,97,99,5.95,overcast clouds
388,Palembang,ID,-2.9167,104.7458,76.32,91,100,2.08,overcast clouds
389,Sao Joao Da Barra,BR,-21.6403,-41.0511,84.29,77,3,21.09,clear sky
390,Leo,BF,11.1,-2.1,82.6,56,15,5.19,few clouds
391,Kloulklubed,PW,7.0419,134.2556,83.19,74,97,7.94,overcast clouds
392,Cortez,US,37.3489,-108.5859,69.93,40,1,0.0,clear sky
393,Okha,RU,53.5739,142.9478,45.03,67,91,18.12,overcast clouds
394,Vila Velha,BR,-20.3297,-40.2925,85.95,54,0,14.97,clear sky
395,Pangnirtung,CA,66.1451,-65.7125,32.0,100,75,8.05,broken clouds
396,Nara,JP,34.6851,135.8049,70.97,71,2,3.0,clear sky
397,Bulgan,MN,48.8125,103.5347,30.63,84,10,1.68,clear sky
398,Pangai,TO,-19.8,-174.35,75.31,78,75,23.02,broken clouds
399,Corrales,US,35.2378,-106.6067,76.26,39,1,1.01,clear sky
400,Tondano,ID,1.3038,124.9112,68.09,93,100,2.98,overcast clouds
401,Kushmurun,KZ,52.4503,64.6311,38.64,73,100,14.9,overcast clouds
402,Aksha,RU,50.2814,113.2867,35.4,80,100,4.43,overcast clouds
403,Barreirinhas,BR,-2.7469,-42.8264,85.84,58,17,14.85,few clouds
404,Northam,GB,51.0333,-4.2167,57.15,79,13,15.97,few clouds
405,Guanica,PR,17.9716,-66.908,90.23,68,92,11.01,overcast clouds
406,San Cristobal,VE,7.7669,-72.225,82.58,57,100,5.66,overcast clouds
407,Tumpat,MY,6.1978,102.171,78.78,94,20,3.44,few clouds
408,Kirkland Lake,CA,48.1446,-80.0377,55.69,76,17,6.53,few clouds
409,Ereymentau,KZ,51.6199,73.1033,35.83,91,100,8.21,overcast clouds
410,Gaoua,BF,10.2992,-3.2508,79.54,70,41,7.67,scattered clouds
411,Pontianak,ID,-0.0333,109.3333,75.18,94,40,0.0,scattered clouds
412,Mana,GF,5.6592,-53.7767,84.34,70,42,10.11,scattered clouds
413,Bela,IN,25.9333,81.9833,80.49,82,92,5.86,light rain
414,Dinghai,CN,26.2847,119.7936,79.72,75,57,18.25,broken clouds
415,Nouakchott,MR,18.0858,-15.9785,85.93,75,1,13.27,clear sky
416,Gloversville,US,43.0528,-74.3438,64.65,90,100,1.25,light rain
417,Porbandar,IN,21.6422,69.6093,81.48,84,15,7.05,few clouds
418,Vanimo,PG,-2.6741,141.3028,76.1,86,95,3.2,overcast clouds
419,Kruisfontein,ZA,-34.0033,24.7314,54.88,72,94,6.13,overcast clouds
420,Amarwara,IN,22.3,79.1667,71.74,89,63,2.84,broken clouds
421,Petrovsk,RU,52.3064,45.3917,40.78,69,47,6.15,scattered clouds
422,Maniitsoq,GL,65.4167,-52.9,40.1,71,95,3.18,overcast clouds
423,Mocajuba,BR,-2.5842,-49.5072,85.77,58,100,3.87,overcast clouds
424,Stromness,GB,58.965,-3.296,50.25,87,100,17.0,moderate rain
425,Puerto Madryn,AR,-42.7692,-65.0385,61.56,29,12,17.11,few clouds
426,Aklavik,CA,68.2191,-135.0107,34.52,93,90,12.66,overcast clouds
427,Rila,BG,42.1333,23.1333,54.99,50,41,3.44,scattered clouds
428,Pitkyaranta,RU,61.5734,31.4792,48.0,85,0,11.52,clear sky
429,Dengzhou,CN,37.8086,120.7508,70.41,97,100,6.62,moderate rain
430,Castrovillari,IT,39.8203,16.2123,64.29,77,18,1.54,few clouds
431,Paracatu,BR,-17.2222,-46.8747,98.13,18,56,6.33,broken clouds
432,Blagoyevo,RU,63.3667,47.9167,41.9,84,100,3.49,overcast clouds
433,Kifri,IQ,34.6959,44.9661,85.78,20,4,10.2,clear sky
434,Duekoue,CI,6.7472,-7.3496,75.47,89,9,2.26,light rain
435,De Aar,ZA,-30.6497,24.0123,51.31,13,0,3.31,clear sky
436,Inta,RU,66.0317,60.1659,31.35,86,63,7.05,broken clouds
437,Malakal,SS,9.5334,31.6605,74.34,80,10,3.74,clear sky
438,Crotone,IT,39.0851,17.1178,69.75,73,0,3.44,clear sky
439,Chase,CA,50.8165,-119.6857,65.37,43,64,7.34,broken clouds
440,Puerto Baquerizo Moreno,EC,-0.9,-89.6,76.19,69,75,17.27,broken clouds
441,Darhan,MN,49.4867,105.9228,35.56,79,97,1.28,overcast clouds
442,Tiznit,MA,29.5833,-9.5,63.77,72,100,4.72,overcast clouds
443,Ponta Do Sol,PT,32.6667,-17.1,76.71,74,100,3.74,overcast clouds
444,Santa Vitoria Do Palmar,BR,-33.5189,-53.3681,61.14,58,73,10.76,broken clouds
445,Synya,RU,65.3718,58.0387,30.11,85,48,3.8,scattered clouds
446,Gravdal,NO,68.1214,13.5031,53.49,71,75,21.85,light intensity shower rain
447,Bobrovka,RU,54.047,61.7455,32.22,78,19,8.1,few clouds
448,Rio Gallegos,AR,-51.6226,-69.2181,60.85,23,75,31.07,broken clouds
449,Oistins,BB,13.0667,-59.5333,89.69,58,20,23.02,few clouds
450,Fuxin,CN,42.0156,121.6589,54.48,53,100,12.95,light rain
451,Sisimiut,GL,66.9395,-53.6735,37.33,72,15,3.71,few clouds
452,Mugur-Aksy,RU,50.35,90.5,9.3,76,32,3.91,scattered clouds
453,Ozinki,RU,51.1786,49.6769,51.51,53,100,5.59,overcast clouds
454,Mfou,CM,3.7159,11.6427,78.66,78,20,2.3,thunderstorm
455,Teguise,ES,29.0605,-13.564,71.82,64,20,18.41,few clouds
456,Ranong,TH,9.9658,98.6348,77.92,86,62,3.18,broken clouds
457,Tianpeng,CN,30.9866,103.9393,77.47,92,36,8.25,light rain
458,Micheweni,TZ,-4.9667,39.8333,75.88,77,73,9.4,broken clouds
459,Kavieng,PG,-2.5744,150.7967,80.92,74,100,2.73,overcast clouds
460,Kawalu,ID,-7.3817,108.2082,70.74,94,66,1.57,broken clouds
461,Strezhevoy,RU,60.7333,77.5889,31.98,91,17,5.99,few clouds
462,Bairnsdale,AU,-37.8333,147.6167,59.47,94,79,1.01,broken clouds
463,Xining,CN,36.6167,101.7667,38.66,90,100,0.76,overcast clouds
464,El Paso,US,31.8001,-106.2005,79.09,31,20,4.61,few clouds
465,Rennes,FR,48.1667,-1.6667,57.24,72,0,8.05,clear sky
466,Ishigaki,JP,24.3448,124.1572,83.05,69,0,18.79,clear sky
467,Ligayan,PH,4.6533,119.4706,83.12,70,100,3.49,overcast clouds
468,Ife,NG,7.4667,4.5667,73.26,95,100,1.59,overcast clouds
469,Cam Ranh,VN,11.9214,109.1591,78.76,83,75,4.61,broken clouds
470,Phuket,TH,8.0,98.25,87.1,83,20,5.75,few clouds
471,Atbasar,KZ,51.8,68.3333,37.38,66,99,13.35,overcast clouds
472,Anadyr,RU,64.75,177.4833,37.9,86,40,8.01,scattered clouds
473,San Vicente,AR,-26.6167,-54.1333,66.81,91,100,2.8,moderate rain
474,Carutapera,BR,-1.195,-46.02,85.35,64,100,11.9,overcast clouds
475,Cabo San Lucas,MX,22.8909,-109.9124,92.52,62,20,6.91,few clouds
476,Port Hedland,AU,-20.3167,118.5667,60.85,72,5,8.05,clear sky
477,Salalah,OM,17.0151,54.0924,82.49,83,75,8.05,broken clouds
478,Isla Vista,US,34.4133,-119.861,97.68,32,1,6.91,clear sky
479,Uvarovka,RU,55.5278,35.6061,41.94,77,100,4.61,light rain
480,Penarroya-Pueblonuevo,ES,38.3,-5.2667,62.71,51,1,6.98,clear sky
481,Bandarbeyla,SO,9.4942,50.8122,78.6,86,97,21.5,overcast clouds
482,Chelno-Vershiny,RU,54.4333,51.1,45.27,86,100,6.42,overcast clouds
483,Muros,ES,42.7762,-9.0603,62.83,80,21,6.49,few clouds
484,Khilok,RU,51.3674,110.4676,32.09,94,100,5.26,overcast clouds
485,Tsiroanomandidy,MG,-18.7667,46.0333,73.27,51,49,1.36,scattered clouds
486,Shubarshi,KZ,48.5872,57.1869,50.56,62,100,6.93,overcast clouds
487,Tatawin,TN,32.9297,10.4518,86.88,48,2,13.0,clear sky
488,Lake City,US,30.1897,-82.6393,87.75,51,75,3.44,broken clouds
489,Haukipudas,FI,65.1765,25.3523,52.14,76,100,19.82,overcast clouds
490,Troitsko-Pechorsk,RU,62.7084,56.1964,30.76,81,30,1.86,scattered clouds
491,Korla,CN,41.7597,86.1469,50.27,43,0,3.87,clear sky
492,Sicuani,PE,-14.2694,-71.2261,61.16,42,100,16.93,overcast clouds
493,Katsuura,JP,35.1333,140.3,70.11,79,0,8.52,clear sky
494,Tazovskiy,RU,67.4667,78.7,33.4,84,100,8.59,overcast clouds
495,Plettenberg Bay,ZA,-34.0527,23.3716,51.8,79,19,7.09,light rain
496,Skagen,DK,57.7209,10.5839,58.26,94,100,15.75,light rain
497,Namtsy,RU,62.7161,129.6658,23.11,91,6,5.3,clear sky
498,Gat,IL,31.61,34.7642,77.68,72,15,6.55,few clouds
499,Ulladulla,AU,-35.35,150.4667,61.7,87,95,3.44,overcast clouds
500,Codrington,AU,-38.2667,141.9667,49.8,91,45,15.52,scattered clouds
501,Fairbanks,US,64.8378,-147.7164,34.3,94,90,1.01,mist
502,Thinadhoo,MV,0.5333,72.9333,83.3,75,100,16.71,overcast clouds
503,Burns Lake,CA,54.2331,-125.7533,42.22,42,3,12.97,clear sky
504,La Massana,AD,42.5667,1.4833,52.68,98,100,6.33,light rain
505,Matagami,CA,49.7502,-77.6328,60.91,55,1,6.91,clear sky
506,Shakhunya,RU,57.6758,46.6114,43.32,91,100,3.6,overcast clouds
507,Taltal,CL,-25.4,-70.4833,64.33,64,19,9.53,few clouds
508,George Town,MY,5.4112,100.3354,81.9,87,20,5.01,few clouds
509,Conde,BR,-7.2597,-34.9075,85.46,58,40,13.8,scattered clouds
510,Storsteinnes,NO,69.2408,19.2344,54.25,84,100,9.82,light rain
511,Tobol,KZ,52.6844,62.5794,35.01,79,39,11.79,scattered clouds
512,Ayagoz,KZ,47.9714,80.4392,38.64,59,100,4.72,overcast clouds
513,Velikiy Ustyug,RU,60.7644,46.3106,43.7,86,100,2.48,overcast clouds
514,Mondlo,ZA,-27.983,30.7177,48.2,88,100,9.22,overcast clouds
515,Charleston,US,32.7766,-79.9309,80.13,86,75,1.99,light rain
516,Bayir,TR,37.2687,28.2167,64.92,36,0,4.54,clear sky
517,Jiancheng,CN,30.391,104.5491,79.81,92,100,11.61,overcast clouds
518,Yangambi,CD,0.8102,24.4336,70.56,97,71,2.3,broken clouds
519,Sur,OM,22.5667,59.5289,83.1,77,100,16.6,overcast clouds
520,Vanavara,RU,60.34,102.2797,30.58,94,68,4.36,broken clouds
521,Mikuni,JP,36.2171,136.1519,66.11,79,0,9.6,clear sky
522,Bilibino,RU,68.0546,166.4372,12.52,97,89,3.51,overcast clouds
523,Beckley,US,37.7782,-81.1882,73.83,73,90,1.01,overcast clouds
524,Ucluelet,CA,48.9329,-125.5528,58.08,92,74,1.01,broken clouds
525,Ichhawar,IN,23.0167,77.0167,77.09,92,27,5.53,scattered clouds
526,Salta,AR,-24.7859,-65.4117,52.39,79,90,3.0,overcast clouds
527,Bima,ID,-8.4667,118.7167,74.62,85,45,5.03,scattered clouds
528,Carson City,US,39.1638,-119.7674,77.05,16,1,0.0,clear sky
529,Ruthin,GB,53.1137,-3.3178,55.31,93,7,10.78,light rain
530,Diamantino,BR,-14.4086,-56.4461,94.39,34,96,6.24,overcast clouds
531,Ahuimanu,US,21.4447,-157.8378,80.46,78,75,9.22,light rain
532,Gujar Khan,PK,33.2558,73.3026,78.64,70,0,3.62,clear sky
533,High Level,CA,58.5169,-117.136,42.91,61,75,6.91,broken clouds
534,Tukrah,LY,32.5341,20.5791,71.37,66,0,13.49,clear sky
535,Saint Anthony,US,45.0205,-93.218,72.1,72,40,3.0,scattered clouds
536,Asau,RO,46.4333,26.4,51.76,87,0,2.06,clear sky
537,Kasli,RU,55.8909,60.7616,32.54,76,99,5.61,overcast clouds
538,Clarence Town,AU,-32.5833,151.7833,65.55,70,82,3.58,broken clouds
539,Makakilo City,US,21.3469,-158.0858,79.29,80,40,5.75,light intensity drizzle
540,Suez,EG,29.9737,32.5263,72.03,70,0,11.79,clear sky
541,Prince Rupert,CA,54.3161,-130.3201,47.89,77,75,8.05,light rain
542,Aksarka,RU,66.5606,67.7975,29.16,76,75,7.47,broken clouds
543,Los Altos,US,37.3852,-122.1141,91.26,41,1,4.0,smoke
544,Lakhdenpokhya,RU,61.5198,30.1992,49.82,85,3,10.56,clear sky
545,Veisiejai,LT,54.1,23.7,51.58,69,97,12.03,overcast clouds
546,Romita,MX,20.8667,-101.5167,72.41,56,75,0.0,broken clouds
547,Shimoda,JP,34.6667,138.95,67.1,80,24,0.92,few clouds
548,Gouyave,GD,12.1646,-61.7296,86.77,70,20,28.77,few clouds
549,Saint-Ambroise,CA,48.5501,-71.3324,52.9,71,51,3.44,broken clouds
550,San Luis,AR,-33.295,-66.3356,64.24,16,0,9.06,clear sky
551,Bud,US,39.447,-86.1758,75.85,87,100,11.14,overcast clouds
552,Touros,BR,-5.1989,-35.4608,86.9,65,15,17.25,few clouds
553,Kahului,US,20.8947,-156.47,81.97,71,20,4.61,few clouds
554,Chardara,KZ,41.2547,67.9692,50.52,42,0,10.07,clear sky
555,Ndele,CF,8.4109,20.6473,71.2,90,43,1.81,scattered clouds
556,Belaya Rechka,RU,43.4381,43.535,45.03,93,90,2.24,mist
557,Kavaratti,IN,10.5669,72.642,81.63,79,100,10.67,overcast clouds
558,Staryy Nadym,RU,65.6118,72.6842,32.67,79,100,6.67,overcast clouds
559,Srednekolymsk,RU,67.45,153.6833,23.22,94,95,4.25,overcast clouds
560,Hervey Bay,AU,-25.2986,152.8535,73.04,94,9,14.5,clear sky
561,Tera,NE,14.0078,0.7531,94.28,18,6,4.7,clear sky
562,Hami,CN,42.8,93.45,48.45,33,0,6.17,clear sky
563,Dingle,PH,10.9995,122.6711,75.24,94,100,6.38,light rain
564,Harper,LR,4.375,-7.7169,78.42,88,100,7.23,light rain
565,Urumqi,CN,43.801,87.6005,40.15,70,0,2.24,clear sky
566,Guerrero Negro,MX,27.9769,-114.0611,85.93,39,24,3.38,few clouds
567,Miles City,US,46.4083,-105.8406,72.57,24,1,5.75,clear sky
568,Outjo,NA,-20.1167,16.15,68.25,8,0,4.47,clear sky
569,Los Andes,CL,-32.8337,-70.5983,69.89,21,3,7.14,clear sky
570,Salamiyah,SY,35.0113,37.0532,67.95,75,0,15.68,clear sky
571,Bhuj,IN,23.2667,69.6667,80.89,82,5,10.56,clear sky
572,Olovyannaya,RU,50.95,115.5667,36.77,55,100,3.44,overcast clouds
573,Cheyenne,US,41.14,-104.8203,73.09,17,1,13.8,clear sky
574,Alexandria,EG,31.2156,29.9553,75.16,64,40,12.66,scattered clouds
575,Skibbereen,IE,51.55,-9.2667,51.6,83,98,15.12,overcast clouds
576,Tessalit,ML,20.1986,1.0114,91.74,11,98,11.48,overcast clouds
577,Qasigiannguit,GL,68.8193,-51.1922,30.45,71,100,1.81,overcast clouds
578,Lagoa Da Prata,BR,-20.0225,-45.5436,90.32,33,62,15.68,broken clouds
579,San Rafael,AR,-34.6177,-68.3301,64.04,12,0,8.5,clear sky
580,Cockburn Town,TC,21.4612,-71.1419,84.16,70,75,6.91,broken clouds
581,Itacoatiara,BR,-3.1431,-58.4442,92.66,45,95,3.94,overcast clouds
582,Kaihua,CN,23.3687,104.28,64.47,96,93,6.17,overcast clouds
583,Tumaco,CO,1.7986,-78.8156,79.79,81,69,11.16,light rain
584,Kondoa,TZ,-4.9,35.7833,70.12,42,100,7.83,overcast clouds
585,Longyan,CN,25.1072,117.0225,70.07,97,0,1.88,light rain
586,Karratha,AU,-20.7377,116.8463,70.23,68,0,11.14,clear sky
587,Fuerte Olimpo,PY,-21.0415,-57.8738,96.55,36,90,13.78,overcast clouds
588,Morant Bay,JM,17.8815,-76.4093,87.42,73,46,10.33,scattered clouds
589,Thaton,MM,16.9206,97.3714,76.03,94,75,2.46,broken clouds
590,Mielec,PL,50.2871,21.4239,58.01,55,14,12.01,few clouds
591,Nuevo Progreso,MX,23.1667,-97.95,83.59,72,88,1.99,overcast clouds
592,Rundu,NA,-17.9333,19.7667,75.78,13,26,5.44,scattered clouds
593,Sabha,LY,27.0377,14.4283,80.89,28,3,9.22,clear sky
594,Iquique,CL,-20.2208,-70.1431,62.64,68,16,6.02,few clouds
595,Nouadhibou,MR,20.931,-17.0347,73.38,78,0,17.27,clear sky
596,Rawson,AR,-43.3002,-65.1023,60.71,31,16,13.18,few clouds
597,Melbu,NO,68.5044,14.8297,53.62,66,75,12.66,broken clouds
598,Ostersund,SE,63.1792,14.6357,53.62,83,100,7.0,light rain
599,Port Macquarie,AU,-31.4333,152.9167,57.16,67,100,6.53,overcast clouds
600,Mokhsogollokh,RU,61.4681,128.9203,24.89,88,13,4.18,few clouds
601,Riviere-Au-Renard,CA,48.9957,-64.3971,52.09,93,100,9.93,overcast clouds
602,Ossora,RU,59.2353,163.0719,43.41,95,100,32.14,moderate rain
603,Qui Nhon,VN,13.7667,109.2333,76.93,90,100,7.05,overcast clouds
604,Komsomolskiy,UZ,40.4272,71.7189,57.92,77,75,2.3,broken clouds
605,Magsalangi,PH,12.1828,123.5666,78.4,90,100,12.71,moderate rain
606,Hasaki,JP,35.7333,140.8333,64.29,81,0,8.66,clear sky
607,Yerbogachen,RU,61.2767,108.0108,33.78,84,100,4.63,overcast clouds
608,Escarcega,MX,18.6089,-90.7454,95.25,36,93,1.45,overcast clouds
609,Andros Town,BS,24.7,-77.7667,87.76,63,14,15.14,few clouds
610,Sechura,PE,-5.5569,-80.8222,77.88,53,21,14.41,few clouds
611,Luanda,AO,-8.8368,13.2343,75.2,78,40,10.36,scattered clouds
612,Clyde,US,41.3042,-82.9752,76.75,72,100,11.61,overcast clouds
613,Manokwari,ID,-0.8667,134.0833,78.71,76,100,4.0,overcast clouds
614,Shetpe,KZ,44.1667,52.1167,55.02,25,96,13.96,overcast clouds
615,Lerwick,GB,60.1545,-1.1494,50.0,89,100,36.08,overcast clouds
616,Sorland,NO,67.667,12.6934,53.67,83,100,19.86,light rain
617,Tefe,BR,-3.3542,-64.7114,84.31,74,20,1.88,few clouds
618,Kayerkan,RU,69.3497,87.7602,21.06,96,99,2.55,overcast clouds
619,Rockhampton,AU,-23.3833,150.5,73.29,83,90,5.75,overcast clouds
620,Goroka,PG,-6.0834,145.3873,61.32,97,83,1.86,broken clouds
621,Wiarton,CA,44.7407,-81.1332,72.23,94,75,3.44,mist
622,Amahai,ID,-3.3333,128.9167,75.45,86,87,3.02,overcast clouds
623,La Libertad,EC,-2.2333,-80.9,74.86,69,75,8.05,broken clouds
624,Kadipur,IN,26.1667,82.3833,78.8,85,38,5.26,heavy intensity rain
625,Kalmunai,LK,7.4167,81.8167,80.49,81,100,5.46,overcast clouds
626,Karpathos,GR,35.507,27.2132,67.96,68,20,25.32,few clouds
627,Khani,GE,41.9563,42.9566,49.57,97,100,2.19,overcast clouds
628,Shitanjing,CN,39.2342,106.3439,52.47,39,100,6.26,overcast clouds
629,Cuenca,EC,-2.8833,-78.9833,75.33,35,75,11.5,light rain
630,Jambusar,IN,22.05,72.8,85.26,69,37,6.82,scattered clouds
631,Dakar,SN,14.6937,-17.4441,86.88,72,17,6.58,few clouds
632,Mega,ET,4.05,38.3,70.92,49,100,9.66,overcast clouds
633,Manzil Kamil,TN,35.6248,10.6673,84.38,73,20,14.97,few clouds
634,Coahuayana,MX,18.7333,-103.6833,89.08,56,100,6.02,overcast clouds
635,Along,IN,28.1667,94.7667,71.22,97,100,0.43,overcast clouds
636,Ludhiana,IN,30.9,75.85,79.52,70,23,4.14,few clouds
637,Boyolangu,ID,-8.1181,111.8935,74.16,88,69,5.19,broken clouds
638,Hudson Bay,CA,52.85,-102.3842,70.11,23,100,9.1,overcast clouds
639,Ijero,NG,6.4819,3.3803,81.72,78,7,10.22,clear sky
640,Santa Maria,BR,-29.6842,-53.8069,72.7,68,75,5.75,broken clouds
641,South Lake Tahoe,US,38.9332,-119.9844,71.47,21,1,3.44,clear sky
642,Greenwood,US,34.1668,-82.1165,83.97,63,20,5.75,few clouds
643,Mayumba,GA,-3.432,10.6554,76.48,83,96,6.85,overcast clouds
644,Motygino,RU,58.1831,94.7592,26.38,97,45,3.42,scattered clouds
645,Kedrovyy,RU,56.1667,91.8167,23.41,84,96,2.48,overcast clouds
646,Namibe,AO,-15.1961,12.1522,62.37,83,67,4.09,broken clouds
647,Shirvan,AZ,39.9509,48.8994,65.14,63,100,5.53,overcast clouds
648,Yamada,JP,39.4667,141.95,60.87,90,7,8.77,clear sky
649,Juneau,US,58.3019,-134.4197,41.22,93,90,5.75,moderate rain
650,Mayo,US,38.8876,-76.5119,89.08,71,44,5.01,scattered clouds
651,Chumikan,RU,54.7183,135.315,36.28,71,98,10.67,overcast clouds
652,Veraval,IN,20.9,70.3667,80.62,84,14,7.07,few clouds
653,Hammerfest,NO,70.6634,23.6821,51.53,66,0,19.57,clear sky
654,Mwense,ZM,-10.3845,28.698,73.87,71,90,2.68,light rain
655,Kropachevo,RU,55.0112,57.9896,34.77,69,100,7.74,overcast clouds
656,Fort Nelson,CA,58.8053,-122.7002,44.19,61,75,4.61,broken clouds
657,Djibo,BF,14.1022,-1.6306,94.53,12,23,6.55,few clouds
658,Luyang,CN,27.6239,110.0989,73.04,73,0,2.82,clear sky
659,Cabra,ES,37.4725,-4.4421,63.7,89,7,1.01,clear sky
660,Labelle,US,26.7617,-81.4384,91.98,44,44,9.13,scattered clouds
661,Isiro,CD,2.7739,27.616,67.14,99,93,2.24,overcast clouds
662,Grand-Lahou,CI,5.1367,-5.0242,77.31,88,100,5.57,overcast clouds
663,Ust-Nera,RU,64.5667,143.2,22.59,92,23,2.91,few clouds
664,Calabozo,VE,8.9242,-67.4293,87.51,56,99,5.59,overcast clouds
665,Road Town,VG,18.4167,-64.6167,87.89,66,40,11.5,scattered clouds
666,Boffa,GN,10.1667,-14.0333,82.51,89,98,4.12,overcast clouds
667,Presidencia Roque Saenz Pena,AR,-26.7852,-60.4388,65.37,41,100,11.65,overcast clouds
668,Sawtell,AU,-30.3833,153.1,59.02,87,68,3.44,broken clouds
669,Pathein,MM,16.7833,94.7333,77.76,91,100,2.39,overcast clouds
670,Balagansk,RU,54.0103,103.0544,33.51,79,79,1.9,broken clouds
671,Sao Felix Do Xingu,BR,-6.6447,-51.995,89.65,47,100,3.65,overcast clouds
672,Sesimbra,PT,38.4445,-9.1015,66.27,64,100,16.93,overcast clouds
673,Kibiti,TZ,-7.7218,38.9375,67.68,86,40,4.56,scattered clouds
674,Paredon,MX,16.0333,-93.8667,88.52,64,49,9.64,scattered clouds
675,Gonen,TR,40.1049,27.654,64.36,36,12,9.13,few clouds
676,Lazaro Cardenas,MX,17.9583,-102.2,85.8,64,9,6.02,clear sky
677,Dillon,US,34.4166,-79.3712,85.87,41,100,6.55,overcast clouds
678,Alvik,SE,60.7477,14.8746,55.13,94,100,16.75,light rain
679,Champerico,GT,14.3,-91.9167,89.76,74,23,7.02,few clouds
680,Skibotn,NO,69.3913,20.2679,53.69,87,100,22.68,light rain
681,Baruun-Urt,MN,46.6806,113.2792,33.15,88,12,3.89,few clouds
682,Inongo,CD,-1.95,18.2667,71.98,93,57,3.71,light rain
683,Lima,PE,-12.0432,-77.0282,62.85,74,90,1.01,overcast clouds
684,Akyab,MM,20.15,92.9,80.8,81,66,4.92,broken clouds
685,Dzhebariki-Khaya,RU,62.2167,135.8,26.78,93,13,2.28,few clouds
686,Saint-Augustin,CA,51.226,-58.6502,43.2,88,100,8.23,overcast clouds
687,Roma,US,43.2128,-75.4557,64.67,93,90,9.22,overcast clouds
688,Okato,NZ,-39.2,173.8833,59.41,98,100,11.03,overcast clouds
689,Zhanakorgan,KZ,43.9098,67.2495,50.07,38,0,9.06,clear sky
690,Bartica,GY,6.4,-58.6167,77.32,88,100,3.02,heavy intensity rain
691,Kupang,ID,-10.1667,123.5833,75.88,84,27,4.7,scattered clouds
692,Teguldet,RU,57.3064,88.1667,26.69,98,84,3.56,broken clouds
